date,station_id,mean,min,max,count
2026-07-25,S06,28.952400835073067,27.8,30.6,1437
2026-07-25,S102,28.86019485038274,25.8,29.9,1437
2026-07-25,S104,28.1830201809325,24.5,30.1,1437
2026-07-25,S106,27.728949199721644,26.3,29.6,1437
2026-07-25,S107,28.964829030006978,26.3,29.8,1433
2026-07-25,S109,28.701600556715377,26.1,29.8,1437
2026-07-25,S111,28.095198329853865,26.2,29.3,1437
2026-07-25,S115,28.730480167014612,25.2,30.0,1437
2026-07-25,S116,29.032498260264436,25.4,30.2,1437
2026-07-25,S117,28.46402226861517,25.0,29.5,1437
2026-07-25,S23,28.28009742519137,23.9,30.2,1437
2026-07-25,S24,28.788555478018143,27.8,30.4,1433
2026-07-25,S43,29.13897007654836,27.8,30.2,1437
2026-07-25,S44,28.373347251217815,24.5,29.6,1437
2026-07-25,S50,28.244606819763398,24.9,29.5,1437
