date,station_id,total_mm,max_reading,count
2026-03-11,S06,0.0,0.0,288
2026-03-11,S07,0.0,0.0,284
2026-03-11,S08,0.0,0.0,288
2026-03-11,S102,0.0,0.0,288
2026-03-11,S104,0.0,0.0,263
2026-03-11,S106,0.0,0.0,288
2026-03-11,S107,0.0,0.0,288
2026-03-11,S108,0.0,0.0,288
2026-03-11,S109,0.0,0.0,288
2026-03-11,S111,0.0,0.0,288
2026-03-11,S112,0.0,0.0,288
2026-03-11,S113,0.0,0.0,288
2026-03-11,S115,0.0,0.0,288
2026-03-11,S116,0.0,0.0,288
2026-03-11,S117,0.0,0.0,288
2026-03-11,S119,0.0,0.0,288
2026-03-11,S120,0.0,0.0,279
2026-03-11,S123,0.0,0.0,278
2026-03-11,S201,0.0,0.0,288
2026-03-11,S203,0.0,0.0,288
2026-03-11,S208,0.0,0.0,288
2026-03-11,S209,0.0,0.0,288
2026-03-11,S210,0.0,0.0,288
2026-03-11,S211,0.0,0.0,288
2026-03-11,S213,0.0,0.0,288
2026-03-11,S214,0.0,0.0,288
2026-03-11,S215,0.0,0.0,288
2026-03-11,S216,0.0,0.0,288
2026-03-11,S217,0.0,0.0,288
2026-03-11,S218,0.0,0.0,288
2026-03-11,S219,0.0,0.0,288
2026-03-11,S220,0.0,0.0,288
2026-03-11,S221,0.0,0.0,288
2026-03-11,S222,0.0,0.0,288
2026-03-11,S223,0.0,0.0,288
2026-03-11,S226,0.0,0.0,288
2026-03-11,S227,0.0,0.0,288
2026-03-11,S228,0.0,0.0,288
2026-03-11,S229,0.0,0.0,288
2026-03-11,S230,0.0,0.0,288
2026-03-11,S24,0.0,0.0,288
2026-03-11,S33,0.0,0.0,288
2026-03-11,S35,0.0,0.0,288
2026-03-11,S40,0.0,0.0,288
2026-03-11,S43,0.0,0.0,288
2026-03-11,S44,0.0,0.0,288
2026-03-11,S50,0.0,0.0,288
2026-03-11,S60,0.0,0.0,288
2026-03-11,S64,0.0,0.0,288
2026-03-11,S66,0.0,0.0,288
2026-03-11,S69,0.0,0.0,288
2026-03-11,S71,0.2,0.2,279
2026-03-11,S77,0.0,0.0,288
2026-03-11,S78,0.0,0.0,288
2026-03-11,S79,0.0,0.0,288
2026-03-11,S81,0.0,0.0,288
2026-03-11,S84,0.0,0.0,288
2026-03-11,S88,0.0,0.0,288
2026-03-11,S90,0.0,0.0,288
2026-03-11,S900,0.0,0.0,288
2026-03-11,S92,0.0,0.0,288
2026-03-11,S94,0.0,0.0,288
