ts,id,updated_ts,date,latitude,longitude,reading_key,value
2026-10-10T17:00:00+08:00,north,2026-10-10T17:01:07+08:00,2026-10-10,1.41803,103.82,pm25_one_hourly,67
2026-10-10T17:00:00+08:00,south,2026-10-10T17:01:07+08:00,2026-10-10,1.29587,103.82,pm25_one_hourly,58
2026-10-10T17:00:00+08:00,west,2026-10-10T17:01:07+08:00,2026-10-10,1.35735,103.7,pm25_one_hourly,92
2026-10-10T17:00:00+08:00,east,2026-10-10T17:01:07+08:00,2026-10-10,1.35735,103.94,pm25_one_hourly,117
2026-10-10T17:00:00+08:00,central,2026-10-10T17:01:07+08:00,2026-10-10,1.35735,103.82,pm25_one_hourly,111
2026-10-10T18:00:00+08:00,north,2026-10-10T18:00:49+08:00,2026-10-10,1.41803,103.82,pm25_one_hourly,58
2026-10-10T18:00:00+08:00,south,2026-10-10T18:00:49+08:00,2026-10-10,1.29587,103.82,pm25_one_hourly,64
2026-10-10T18:00:00+08:00,west,2026-10-10T18:00:49+08:00,2026-10-10,1.35735,103.7,pm25_one_hourly,100
2026-10-10T18:00:00+08:00,east,2026-10-10T18:00:49+08:00,2026-10-10,1.35735,103.94,pm25_one_hourly,92
2026-10-10T18:00:00+08:00,central,2026-10-10T18:00:49+08:00,2026-10-10,1.35735,103.82,pm25_one_hourly,92
2026-10-10T19:00:00+08:00,north,2026-10-10T19:00:55+08:00,2026-10-10,1.41803,103.82,pm25_one_hourly,63
2026-10-10T19:00:00+08:00,south,2026-10-10T19:00:55+08:00,2026-10-10,1.29587,103.82,pm25_one_hourly,72
2026-10-10T19:00:00+08:00,west,2026-10-10T19:00:55+08:00,2026-10-10,1.35735,103.7,pm25_one_hourly,98
2026-10-10T19:00:00+08:00,east,2026-10-10T19:00:55+08:00,2026-10-10,1.35735,103.94,pm25_one_hourly,73
2026-10-10T19:00:00+08:00,central,2026-10-10T19:00:55+08:00,2026-10-10,1.35735,103.82,pm25_one_hourly,107
2026-10-10T20:00:00+08:00,north,2026-10-10T20:01:14+08:00,2026-10-10,1.41803,103.82,pm25_one_hourly,76
2026-10-10T20:00:00+08:00,south,2026-10-10T20:01:14+08:00,2026-10-10,1.29587,103.82,pm25_one_hourly,55
2026-10-10T20:00:00+08:00,west,2026-10-10T20:01:14+08:00,2026-10-10,1.35735,103.7,pm25_one_hourly,85
2026-10-10T20:00:00+08:00,east,2026-10-10T20:01:14+08:00,2026-10-10,1.35735,103.94,pm25_one_hourly,60
2026-10-10T20:00:00+08:00,central,2026-10-10T20:01:14+08:00,2026-10-10,1.35735,103.82,pm25_one_hourly,100
2026-10-10T21:00:00+08:00,north,2026-10-10T21:00:51+08:00,2026-10-10,1.41803,103.82,pm25_one_hourly,79
2026-10-10T21:00:00+08:00,south,2026-10-10T21:00:51+08:00,2026-10-10,1.29587,103.82,pm25_one_hourly,52
2026-10-10T21:00:00+08:00,west,2026-10-10T21:00:51+08:00,2026-10-10,1.35735,103.7,pm25_one_hourly,98
2026-10-10T21:00:00+08:00,east,2026-10-10T21:00:51+08:00,2026-10-10,1.35735,103.94,pm25_one_hourly,51
2026-10-10T21:00:00+08:00,central,2026-10-10T21:00:51+08:00,2026-10-10,1.35735,103.82,pm25_one_hourly,82
2026-10-10T22:00:00+08:00,north,2026-10-10T22:01:14+08:00,2026-10-10,1.41803,103.82,pm25_one_hourly,77
2026-10-10T22:00:00+08:00,south,2026-10-10T22:01:14+08:00,2026-10-10,1.29587,103.82,pm25_one_hourly,48
2026-10-10T22:00:00+08:00,west,2026-10-10T22:01:14+08:00,2026-10-10,1.35735,103.7,pm25_one_hourly,93
2026-10-10T22:00:00+08:00,east,2026-10-10T22:01:14+08:00,2026-10-10,1.35735,103.94,pm25_one_hourly,59
2026-10-10T22:00:00+08:00,central,2026-10-10T22:01:14+08:00,2026-10-10,1.35735,103.82,pm25_one_hourly,81
2026-10-10T23:00:00+08:00,north,2026-10-10T23:00:52+08:00,2026-10-10,1.41803,103.82,pm25_one_hourly,68
2026-10-10T23:00:00+08:00,south,2026-10-10T23:00:52+08:00,2026-10-10,1.29587,103.82,pm25_one_hourly,43
2026-10-10T23:00:00+08:00,west,2026-10-10T23:00:52+08:00,2026-10-10,1.35735,103.7,pm25_one_hourly,99
2026-10-10T23:00:00+08:00,east,2026-10-10T23:00:52+08:00,2026-10-10,1.35735,103.94,pm25_one_hourly,57
2026-10-10T23:00:00+08:00,central,2026-10-10T23:00:52+08:00,2026-10-10,1.35735,103.82,pm25_one_hourly,80
2026-10-11T00:00:00+08:00,north,2026-10-11T00:00:50+08:00,2026-10-11,1.41803,103.82,pm25_one_hourly,60
2026-10-11T00:00:00+08:00,south,2026-10-11T00:00:50+08:00,2026-10-11,1.29587,103.82,pm25_one_hourly,42
2026-10-11T00:00:00+08:00,west,2026-10-11T00:00:50+08:00,2026-10-11,1.35735,103.7,pm25_one_hourly,109
2026-10-11T00:00:00+08:00,east,2026-10-11T00:00:50+08:00,2026-10-11,1.35735,103.94,pm25_one_hourly,62
2026-10-11T00:00:00+08:00,central,2026-10-11T00:00:50+08:00,2026-10-11,1.35735,103.82,pm25_one_hourly,75
2026-10-11T01:00:00+08:00,north,2026-10-11T01:01:09+08:00,2026-10-11,1.41803,103.82,pm25_one_hourly,64
2026-10-11T01:00:00+08:00,south,2026-10-11T01:01:09+08:00,2026-10-11,1.29587,103.82,pm25_one_hourly,46
2026-10-11T01:00:00+08:00,west,2026-10-11T01:01:09+08:00,2026-10-11,1.35735,103.7,pm25_one_hourly,102
2026-10-11T01:00:00+08:00,east,2026-10-11T01:01:09+08:00,2026-10-11,1.35735,103.94,pm25_one_hourly,73
2026-10-11T01:00:00+08:00,central,2026-10-11T01:01:09+08:00,2026-10-11,1.35735,103.82,pm25_one_hourly,75
2026-10-11T02:00:00+08:00,north,2026-10-11T02:00:49+08:00,2026-10-11,1.41803,103.82,pm25_one_hourly,75
2026-10-11T02:00:00+08:00,south,2026-10-11T02:00:49+08:00,2026-10-11,1.29587,103.82,pm25_one_hourly,82
2026-10-11T02:00:00+08:00,west,2026-10-11T02:00:49+08:00,2026-10-11,1.35735,103.7,pm25_one_hourly,115
2026-10-11T02:00:00+08:00,east,2026-10-11T02:00:49+08:00,2026-10-11,1.35735,103.94,pm25_one_hourly,80
2026-10-11T02:00:00+08:00,central,2026-10-11T02:00:49+08:00,2026-10-11,1.35735,103.82,pm25_one_hourly,87
2026-10-11T03:00:00+08:00,north,2026-10-11T03:00:58+08:00,2026-10-11,1.41803,103.82,pm25_one_hourly,73
2026-10-11T03:00:00+08:00,south,2026-10-11T03:00:58+08:00,2026-10-11,1.29587,103.82,pm25_one_hourly,85
2026-10-11T03:00:00+08:00,west,2026-10-11T03:00:58+08:00,2026-10-11,1.35735,103.7,pm25_one_hourly,109
2026-10-11T03:00:00+08:00,east,2026-10-11T03:00:58+08:00,2026-10-11,1.35735,103.94,pm25_one_hourly,96
2026-10-11T03:00:00+08:00,central,2026-10-11T03:00:58+08:00,2026-10-11,1.35735,103.82,pm25_one_hourly,96
2026-10-11T04:00:00+08:00,north,2026-10-11T04:00:51+08:00,2026-10-11,1.41803,103.82,pm25_one_hourly,67
2026-10-11T04:00:00+08:00,south,2026-10-11T04:00:51+08:00,2026-10-11,1.29587,103.82,pm25_one_hourly,78
2026-10-11T04:00:00+08:00,west,2026-10-11T04:00:51+08:00,2026-10-11,1.35735,103.7,pm25_one_hourly,98
2026-10-11T04:00:00+08:00,east,2026-10-11T04:00:51+08:00,2026-10-11,1.35735,103.94,pm25_one_hourly,105
2026-10-11T04:00:00+08:00,central,2026-10-11T04:00:51+08:00,2026-10-11,1.35735,103.82,pm25_one_hourly,101
2026-10-11T05:00:00+08:00,north,2026-10-11T05:00:53+08:00,2026-10-11,1.41803,103.82,pm25_one_hourly,58
2026-10-11T05:00:00+08:00,south,2026-10-11T05:00:53+08:00,2026-10-11,1.29587,103.82,pm25_one_hourly,52
2026-10-11T05:00:00+08:00,west,2026-10-11T05:00:53+08:00,2026-10-11,1.35735,103.7,pm25_one_hourly,92
2026-10-11T05:00:00+08:00,east,2026-10-11T05:00:53+08:00,2026-10-11,1.35735,103.94,pm25_one_hourly,86
2026-10-11T05:00:00+08:00,central,2026-10-11T05:00:53+08:00,2026-10-11,1.35735,103.82,pm25_one_hourly,93
2026-10-11T06:00:00+08:00,north,2026-10-11T06:00:50+08:00,2026-10-11,1.41803,103.82,pm25_one_hourly,68
2026-10-11T06:00:00+08:00,south,2026-10-11T06:00:50+08:00,2026-10-11,1.29587,103.82,pm25_one_hourly,47
2026-10-11T06:00:00+08:00,west,2026-10-11T06:00:50+08:00,2026-10-11,1.35735,103.7,pm25_one_hourly,103
2026-10-11T06:00:00+08:00,east,2026-10-11T06:00:50+08:00,2026-10-11,1.35735,103.94,pm25_one_hourly,97
2026-10-11T06:00:00+08:00,central,2026-10-11T06:00:50+08:00,2026-10-11,1.35735,103.82,pm25_one_hourly,100
2026-10-11T07:00:00+08:00,north,2026-10-11T07:00:49+08:00,2026-10-11,1.41803,103.82,pm25_one_hourly,56
2026-10-11T07:00:00+08:00,south,2026-10-11T07:00:49+08:00,2026-10-11,1.29587,103.82,pm25_one_hourly,64
2026-10-11T07:00:00+08:00,west,2026-10-11T07:00:49+08:00,2026-10-11,1.35735,103.7,pm25_one_hourly,108
2026-10-11T07:00:00+08:00,east,2026-10-11T07:00:49+08:00,2026-10-11,1.35735,103.94,pm25_one_hourly,103
2026-10-11T07:00:00+08:00,central,2026-10-11T07:00:49+08:00,2026-10-11,1.35735,103.82,pm25_one_hourly,101
2026-10-11T08:00:00+08:00,north,2026-10-11T08:00:47+08:00,2026-10-11,1.41803,103.82,pm25_one_hourly,67
2026-10-11T08:00:00+08:00,south,2026-10-11T08:00:47+08:00,2026-10-11,1.29587,103.82,pm25_one_hourly,55
2026-10-11T08:00:00+08:00,west,2026-10-11T08:00:47+08:00,2026-10-11,1.35735,103.7,pm25_one_hourly,114
2026-10-11T08:00:00+08:00,east,2026-10-11T08:00:47+08:00,2026-10-11,1.35735,103.94,pm25_one_hourly,88
2026-10-11T08:00:00+08:00,central,2026-10-11T08:00:47+08:00,2026-10-11,1.35735,103.82,pm25_one_hourly,88
2026-10-11T09:00:00+08:00,north,2026-10-11T09:00:50+08:00,2026-10-11,1.41803,103.82,pm25_one_hourly,69
2026-10-11T09:00:00+08:00,south,2026-10-11T09:00:50+08:00,2026-10-11,1.29587,103.82,pm25_one_hourly,71
2026-10-11T09:00:00+08:00,west,2026-10-11T09:00:50+08:00,2026-10-11,1.35735,103.7,pm25_one_hourly,88
2026-10-11T09:00:00+08:00,east,2026-10-11T09:00:50+08:00,2026-10-11,1.35735,103.94,pm25_one_hourly,93
2026-10-11T09:00:00+08:00,central,2026-10-11T09:00:50+08:00,2026-10-11,1.35735,103.82,pm25_one_hourly,87
