ts,id,value
2026-10-03T17:15:00+08:00,S218,0
2026-10-03T17:15:00+08:00,S219,0
2026-10-03T17:15:00+08:00,S216,1.2
2026-10-03T17:15:00+08:00,S217,0
2026-10-03T17:15:00+08:00,S214,0
2026-10-03T17:15:00+08:00,S215,0
2026-10-03T17:15:00+08:00,S213,0
2026-10-03T17:15:00+08:00,S80,0
2026-10-03T17:15:00+08:00,S81,0
2026-10-03T17:15:00+08:00,S40,0
2026-10-03T17:15:00+08:00,S84,0
2026-10-03T17:15:00+08:00,S180,0
2026-10-03T17:15:00+08:00,S44,0
2026-10-03T17:15:00+08:00,S88,0
2026-10-03T17:15:00+08:00,S43,0
2026-10-03T17:15:00+08:00,S06,0
2026-10-03T17:15:00+08:00,S100,0
2026-10-03T17:15:00+08:00,S221,0
2026-10-03T17:15:00+08:00,S222,0
2026-10-03T17:15:00+08:00,S08,0
2026-10-03T17:15:00+08:00,S07,0
2026-10-03T17:15:00+08:00,S187,0
2026-10-03T17:15:00+08:00,S220,0
2026-10-03T17:15:00+08:00,S184,0
2026-10-03T17:15:00+08:00,S208,0
2026-10-03T17:15:00+08:00,S129,0
2026-10-03T17:15:00+08:00,S127,0
2026-10-03T17:15:00+08:00,S201,0
2026-10-03T17:15:00+08:00,S90,0
2026-10-03T17:15:00+08:00,S92,0
2026-10-03T17:15:00+08:00,S209,0
2026-10-03T17:15:00+08:00,S50,0
2026-10-03T17:15:00+08:00,S94,0
2026-10-03T17:15:00+08:00,S210,0
2026-10-03T17:15:00+08:00,S211,0
2026-10-03T17:15:00+08:00,S132,0
2026-10-03T17:15:00+08:00,S119,0
2026-10-03T17:15:00+08:00,S117,0
2026-10-03T17:15:00+08:00,S115,0
2026-10-03T17:15:00+08:00,S116,0
2026-10-03T17:15:00+08:00,S113,0
2026-10-03T17:15:00+08:00,S114,0
2026-10-03T17:15:00+08:00,S60,0
2026-10-03T17:15:00+08:00,S64,0
2026-10-03T17:15:00+08:00,S66,0
2026-10-03T17:15:00+08:00,S24,0
2026-10-03T17:15:00+08:00,S23,0
2026-10-03T17:15:00+08:00,S69,0
2026-10-03T17:15:00+08:00,S123,0
2026-10-03T17:15:00+08:00,S120,0
2026-10-03T17:15:00+08:00,S121,0
2026-10-03T17:15:00+08:00,S108,0
2026-10-03T17:15:00+08:00,S229,0
2026-10-03T17:15:00+08:00,S306,0
2026-10-03T17:15:00+08:00,S900,0
2026-10-03T17:15:00+08:00,S109,0
2026-10-03T17:15:00+08:00,S307,0
2026-10-03T17:15:00+08:00,S106,0
2026-10-03T17:15:00+08:00,S227,0
2026-10-03T17:15:00+08:00,S107,0
2026-10-03T17:15:00+08:00,S228,0
2026-10-03T17:15:00+08:00,S305,0
2026-10-03T17:15:00+08:00,S104,0
2026-10-03T17:15:00+08:00,S148,0
2026-10-03T17:15:00+08:00,S302,0
2026-10-03T17:15:00+08:00,S226,0
2026-10-03T17:15:00+08:00,S303,0
2026-10-03T17:15:00+08:00,S102,0
2026-10-03T17:15:00+08:00,S223,0
2026-10-03T17:15:00+08:00,S300,0
2026-10-03T17:15:00+08:00,S224,0
2026-10-03T17:15:00+08:00,S301,0
2026-10-03T17:15:00+08:00,S908,0
2026-10-03T17:15:00+08:00,S909,0
2026-10-03T17:15:00+08:00,S907,0
2026-10-03T17:15:00+08:00,S71,0
2026-10-03T17:15:00+08:00,S904,0
2026-10-03T17:15:00+08:00,S905,0
2026-10-03T17:15:00+08:00,S308,0
2026-10-03T17:15:00+08:00,S902,0
2026-10-03T17:15:00+08:00,S903,0
2026-10-03T17:15:00+08:00,S33,0
2026-10-03T17:15:00+08:00,S77,0
2026-10-03T17:15:00+08:00,S35,0
2026-10-03T17:15:00+08:00,S79,0
2026-10-03T17:15:00+08:00,S78,0
2026-10-03T17:15:00+08:00,S111,0
2026-10-03T17:15:00+08:00,S112,0
2026-10-03T17:15:00+08:00,S230,0
