ts,id,station_name,town_center,latitude,longitude,wbgt,heat_stress,is_station_data,record_type,updated_ts
2026-10-03T17:45:00+08:00,S124,Upper Changi Road North,Changi Meteorological Station,,,28.7,Low,True,observation,2026-10-03T17:55:12+08:00
2026-10-03T17:45:00+08:00,S125,Woodlands Street 13,Woodlands Stadium,,,27.5,Low,True,observation,2026-10-03T17:55:12+08:00
2026-10-03T17:45:00+08:00,S126,Old Chua Chu Kang Road,Old Choa Chu Kang Road,,,28.9,Low,True,observation,2026-10-03T17:55:12+08:00
2026-10-03T17:45:00+08:00,S127,Stadium Road,Kallang Practice Track,,,29.0,Low,True,observation,2026-10-03T17:55:12+08:00
2026-10-03T17:45:00+08:00,S128,Bishan Street,Bishan Stadium,,,29.4,Low,True,observation,2026-10-03T17:55:12+08:00
2026-10-03T17:45:00+08:00,S129,Bedok North Street 2,Bedok Stadium,,,28.2,Low,True,observation,2026-10-03T17:55:12+08:00
2026-10-03T17:45:00+08:00,S132,Jurong West Street 93,Jurong West Stadium,,,28.5,Low,True,observation,2026-10-03T17:55:12+08:00
2026-10-03T17:45:00+08:00,S135,Mandai Wildlife Reserve,Mandai Wildlife Reserve,,,28.2,Low,True,observation,2026-10-03T17:55:12+08:00
2026-10-03T17:45:00+08:00,S137,Sakra Road,Sakra Road (Jurong Island),,,28.0,Low,True,observation,2026-10-03T17:55:12+08:00
2026-10-03T17:45:00+08:00,S139,Tuas Terminal Gateway,Tuas Terminal Gateway,,,27.4,Low,True,observation,2026-10-03T17:55:12+08:00
2026-10-03T17:45:00+08:00,S140,Choa Chu Kang Stadium,Choa Chu Kang Stadium,,,28.1,Low,True,observation,2026-10-03T17:55:12+08:00
2026-10-03T17:45:00+08:00,S141,Yio Chu Kang Stadium,Yio Chu Kang Stadium,,,28.4,Low,True,observation,2026-10-03T17:55:12+08:00
2026-10-03T17:45:00+08:00,S142,Sentosa Palawan Green,Palawan Green (Sentosa),,,27.9,Low,True,observation,2026-10-03T17:55:12+08:00
2026-10-03T17:45:00+08:00,S143,Punggol North,Punggol North,,,28.3,Low,True,observation,2026-10-03T17:55:12+08:00
2026-10-03T17:45:00+08:00,S144,Upper Pickering Street,Hong Lim Park,,,27.1,Low,True,observation,2026-10-03T17:55:12+08:00
2026-10-03T17:45:00+08:00,S145,MacRitchie Reservoir,MacRitchie Reservoir,,,27.5,Low,True,observation,2026-10-03T17:55:12+08:00
2026-10-03T17:45:00+08:00,S146,Jalan Bahar,Jalan Bahar,,,29.2,Low,True,observation,2026-10-03T17:55:12+08:00
2026-10-03T17:45:00+08:00,S147,Marina Barrage,Marina Barrage,,,28.8,Low,True,observation,2026-10-03T17:55:12+08:00
2026-10-03T17:45:00+08:00,S148,Pasir Ris Walk,Pasir Ris Walk,,,27.4,Low,True,observation,2026-10-03T17:55:12+08:00
2026-10-03T17:45:00+08:00,S149,Tampines Walk,Tampines Central Park,,,27.8,Low,True,observation,2026-10-03T17:55:12+08:00
2026-10-03T17:45:00+08:00,S150,Evans Road,MOE (Evans) Stadium,,,27.7,Low,True,observation,2026-10-03T17:55:12+08:00
2026-10-03T17:45:00+08:00,S151,Outward Bound Singapore(Pulau ubin),Outward Bound Singapore(Pulau ubin),,,28.8,Low,True,observation,2026-10-03T17:55:12+08:00
2026-10-03T17:45:00+08:00,S153,Bukit Batok Street 22,Bukit Batok Swimming Complex,,,27.8,Low,True,observation,2026-10-03T17:55:12+08:00
2026-10-03T17:45:00+08:00,S180,Taman Jurong Greens,Taman Jurong Greens,,,27.2,Low,True,observation,2026-10-03T17:55:12+08:00
2026-10-03T17:45:00+08:00,S184,Sengkang East Avenue,Sengkang East Avenue,,,28.4,Low,True,observation,2026-10-03T17:55:12+08:00
2026-10-03T17:45:00+08:00,S187,Bukit Timah(West),Coronation Road,,,28.0,Low,True,observation,2026-10-03T17:55:12+08:00
2026-10-03T17:45:00+08:00,S131,Hougang Stadium,Hougang Stadium,,,28.9,Low,True,observation,2026-10-03T17:55:12+08:00
2026-10-03T17:45:00+08:00,S133,Cathay Green,Cathay Green,,,27.6,Low,True,observation,2026-10-03T17:55:12+08:00
2026-10-03T17:45:00+08:00,S138,Stirling Road,Stirling Road,,,27.7,Low,True,observation,2026-10-03T17:55:12+08:00
2026-10-03T17:45:00+08:00,S910,Outward Bound Singapore(East Coast),Outward Bound Singapore(East Coast),,,28.2,Low,True,observation,2026-10-03T17:55:12+08:00
